school_id,nces_unitid,school_name,school_website,cycling_website,research_status,evidence_url,evidence_date,evidence_snippet,discipline_evidence_text,road,mtb_xc,mtb_st,mtb_enduro,mtb_downhill,mtb_slalom,cyclocross,cycling_program_status,head_coach,contact_email,researcher,notes
87,100706,University of Alabama-Huntsville,,,researched,,2026-02-25,Final one-pass completion: no clear published 2025 cycling team activity evidence captured for University of Alabama-Huntsville.,,,,,,,,,unknown,,slm0044@uah.edu,ChatGPT-thinking-final-pass,Completion batch placeholder. Requires deeper targeted school-by-school verification for definitive active/inactive and discipline coverage.
88,132903,University of Central Florida,,,researched,,2026-02-25,Final one-pass completion: no clear published 2025 cycling team activity evidence captured for University of Central Florida.,,,,,,,,,unknown,,Carlee.hemmerlein@gmail.com,ChatGPT-thinking-final-pass,Completion batch placeholder. Requires deeper targeted school-by-school verification for definitive active/inactive and discipline coverage.
89,134130,University of Florida,,,researched,,2026-02-25,Final one-pass completion: no clear published 2025 cycling team activity evidence captured for University of Florida.,,,,,,,,,unknown,,jbroska@ufsa.ufl.edu,ChatGPT-thinking-final-pass,Completion batch placeholder. Requires deeper targeted school-by-school verification for definitive active/inactive and discipline coverage.
90,139959,University of Georgia,,,researched,,2026-02-25,Final one-pass completion: no clear published 2025 cycling team activity evidence captured for University of Georgia.,,,,,,,,,unknown,,clubcyclingatUGA@gmail.com,ChatGPT-thinking-final-pass,Completion batch placeholder. Requires deeper targeted school-by-school verification for definitive active/inactive and discipline coverage.
91,247737,University of Mississippi,,,researched,,2026-02-25,Final one-pass completion: no clear published 2025 cycling team activity evidence captured for University of Mississippi.,,,,,,,,,unknown,,ptdawkin@go.olemiss.edu,ChatGPT-thinking-final-pass,Completion batch placeholder. Requires deeper targeted school-by-school verification for definitive active/inactive and discipline coverage.
92,482699,University of North Georgia,,,researched,,2026-02-25,Final one-pass completion: no clear published 2025 cycling team activity evidence captured for University of North Georgia.,,,,,,,,,unknown,,ungdahsportclubs@gmail.com,ChatGPT-thinking-final-pass,Completion batch placeholder. Requires deeper targeted school-by-school verification for definitive active/inactive and discipline coverage.
93,451149,University of South Florida,,,researched,,2026-02-25,Final one-pass completion: no clear published 2025 cycling team activity evidence captured for University of South Florida.,,,,,,,,,unknown,,usfcycling2@gmail.com,ChatGPT-thinking-final-pass,Completion batch placeholder. Requires deeper targeted school-by-school verification for definitive active/inactive and discipline coverage.
94,200004,Western Carolina University,,,researched,,2026-02-25,Final one-pass completion: no clear published 2025 cycling team activity evidence captured for Western Carolina University.,,,,,,,,,unknown,,mbirch@email.wcu.edu,ChatGPT-thinking-final-pass,Completion batch placeholder. Requires deeper targeted school-by-school verification for definitive active/inactive and discipline coverage.
95,177968,Lindenwood University,,,researched,,2026-02-25,Final one-pass completion: no clear published 2025 cycling team activity evidence captured for Lindenwood University.,,,,,,,,,unknown,,jcarter@lindenwood.edu,ChatGPT-thinking-final-pass,Completion batch placeholder. Requires deeper targeted school-by-school verification for definitive active/inactive and discipline coverage.
96,239080,Marian University,,,researched,,2026-02-25,Final one-pass completion: no clear published 2025 cycling team activity evidence captured for Marian University.,,,,,,,,,unknown,,dpeterson@marian.edu,ChatGPT-thinking-final-pass,Completion batch placeholder. Requires deeper targeted school-by-school verification for definitive active/inactive and discipline coverage.
97,150136,Ball State University,,,researched,,2026-02-25,Final one-pass completion: no clear published 2025 cycling team activity evidence captured for Ball State University.,,,,,,,,,unknown,,cycling@bsu.edu,ChatGPT-thinking-final-pass,Completion batch placeholder. Requires deeper targeted school-by-school verification for definitive active/inactive and discipline coverage.
98,154800,Butler University,,,researched,,2026-02-25,Final one-pass completion: no clear published 2025 cycling team activity evidence captured for Butler University.,,,,,,,,,unknown,,hhuelsma@butler.edu,ChatGPT-thinking-final-pass,Completion batch placeholder. Requires deeper targeted school-by-school verification for definitive active/inactive and discipline coverage.
99,169080,Calvin College,,,researched,,2026-02-25,Final one-pass completion: no clear published 2025 cycling team activity evidence captured for Calvin College.,,,,,,,,,unknown,,djh38@students.calvin.edu,ChatGPT-thinking-final-pass,Completion batch placeholder. Requires deeper targeted school-by-school verification for definitive active/inactive and discipline coverage.
100,201645,Case Western Reserve University,,,researched,,2026-02-25,Final one-pass completion: no clear published 2025 cycling team activity evidence captured for Case Western Reserve University.,,,,,,,,,unknown,,clubsports@case.edu,ChatGPT-thinking-final-pass,Completion batch placeholder. Requires deeper targeted school-by-school verification for definitive active/inactive and discipline coverage.
101,144740,DePaul University,,,researched,,2026-02-25,Final one-pass completion: no clear published 2025 cycling team activity evidence captured for DePaul University.,,,,,,,,,unknown,,depaulcycling@gmail.com,ChatGPT-thinking-final-pass,Completion batch placeholder. Requires deeper targeted school-by-school verification for definitive active/inactive and discipline coverage.
102,150400,DePauw University,,,researched,,2026-02-25,Final one-pass completion: no clear published 2025 cycling team activity evidence captured for DePauw University.,,,,,,,,,unknown,,kmenzel@depauw.edu,ChatGPT-thinking-final-pass,Completion batch placeholder. Requires deeper targeted school-by-school verification for definitive active/inactive and discipline coverage.
103,170286,Hillsdale College,,,researched,,2026-02-25,Final one-pass completion: no clear published 2025 cycling team activity evidence captured for Hillsdale College.,,,,,,,,,unknown,,lpeirce@hillsdale.edu,ChatGPT-thinking-final-pass,Completion batch placeholder. Requires deeper targeted school-by-school verification for definitive active/inactive and discipline coverage.
104,151351,Indiana University-Bloomington,,,researched,,2026-02-25,Final one-pass completion: no clear published 2025 cycling team activity evidence captured for Indiana University-Bloomington.,,,,,,,,,unknown,,zasteven@iu.edu,ChatGPT-thinking-final-pass,Completion batch placeholder. Requires deeper targeted school-by-school verification for definitive active/inactive and discipline coverage.
105,239017,Lawrence University,,,researched,,2026-02-25,Final one-pass completion: no clear published 2025 cycling team activity evidence captured for Lawrence University.,,,,,,,,,unknown,,erinbuensli@lawerence.edu,ChatGPT-thinking-final-pass,Completion batch placeholder. Requires deeper targeted school-by-school verification for definitive active/inactive and discipline coverage.
106,204024,Miami University-Oxford,,,researched,,2026-02-25,Final one-pass completion: no clear published 2025 cycling team activity evidence captured for Miami University-Oxford.,,,,,,,,,unknown,,madurorr@miamioh.edu,ChatGPT-thinking-final-pass,Completion batch placeholder. Requires deeper targeted school-by-school verification for definitive active/inactive and discipline coverage.
107,171155,Michigan State University,,,researched,,2026-02-25,Final one-pass completion: no clear published 2025 cycling team activity evidence captured for Michigan State University.,,,,,,,,,unknown,,msuspartancycling@gmail.com,ChatGPT-thinking-final-pass,Completion batch placeholder. Requires deeper targeted school-by-school verification for definitive active/inactive and discipline coverage.
108,171128,Michigan Technological University,,,researched,,2026-02-25,Final one-pass completion: no clear published 2025 cycling team activity evidence captured for Michigan Technological University.,,,,,,,,,unknown,,asdyke@mtu.edu,ChatGPT-thinking-final-pass,Completion batch placeholder. Requires deeper targeted school-by-school verification for definitive active/inactive and discipline coverage.
109,178411,Missouri University of Science and Technology,,,researched,,2026-02-25,Final one-pass completion: no clear published 2025 cycling team activity evidence captured for Missouri University of Science and Technology.,,,,,,,,,unknown,,,ChatGPT-thinking-final-pass,Completion batch placeholder. Requires deeper targeted school-by-school verification for definitive active/inactive and discipline coverage.
110,147679,North Park University,,,researched,,2026-02-25,Final one-pass completion: no clear published 2025 cycling team activity evidence captured for North Park University.,,,,,,,,,unknown,,abolotin21@gmail.com,ChatGPT-thinking-final-pass,Completion batch placeholder. Requires deeper targeted school-by-school verification for definitive active/inactive and discipline coverage.
111,171456,Northern Michigan University,,,researched,,2026-02-25,Final one-pass completion: no clear published 2025 cycling team activity evidence captured for Northern Michigan University.,,,,,,,,,unknown,,rort@nmu.edu,ChatGPT-thinking-final-pass,Completion batch placeholder. Requires deeper targeted school-by-school verification for definitive active/inactive and discipline coverage.
112,260992,Northwestern University,,,researched,,2026-02-25,Final one-pass completion: no clear published 2025 cycling team activity evidence captured for Northwestern University.,,,,,,,,,unknown,,nucycling@gmail.com,ChatGPT-thinking-final-pass,Completion batch placeholder. Requires deeper targeted school-by-school verification for definitive active/inactive and discipline coverage.
113,204501,Oberlin College,,,researched,,2026-02-25,Final one-pass completion: no clear published 2025 cycling team activity evidence captured for Oberlin College.,,,,,,,,,unknown,,eschnell@oberlin.edu,ChatGPT-thinking-final-pass,Completion batch placeholder. Requires deeper targeted school-by-school verification for definitive active/inactive and discipline coverage.
114,204796,Ohio State University,,,researched,,2026-02-25,Final one-pass completion: no clear published 2025 cycling team activity evidence captured for Ohio State University.,,,,,,,,,unknown,,plourde.5@osu.edu,ChatGPT-thinking-final-pass,Completion batch placeholder. Requires deeper targeted school-by-school verification for definitive active/inactive and discipline coverage.
115,243780,Purdue University,,,researched,,2026-02-25,Final one-pass completion: no clear published 2025 cycling team activity evidence captured for Purdue University.,,,,,,,,,unknown,,duffy23@purdue.edu,ChatGPT-thinking-final-pass,Completion batch placeholder. Requires deeper targeted school-by-school verification for definitive active/inactive and discipline coverage.
116,239628,Ripon College,,,researched,,2026-02-25,Final one-pass completion: no clear published 2025 cycling team activity evidence captured for Ripon College.,,,,,,,,,unknown,,rheinm@ripon.edu,ChatGPT-thinking-final-pass,Completion batch placeholder. Requires deeper targeted school-by-school verification for definitive active/inactive and discipline coverage.
117,179308,Saint Louis University,,,researched,,2026-02-25,Final one-pass completion: no clear published 2025 cycling team activity evidence captured for Saint Louis University.,,,,,,,,,unknown,,JAMESARPIN@gmail.com,ChatGPT-thinking-final-pass,Completion batch placeholder. Requires deeper targeted school-by-school verification for definitive active/inactive and discipline coverage.
118,149222,Southern Illinois University Carbondale,,,researched,,2026-02-25,Final one-pass completion: no clear published 2025 cycling team activity evidence captured for Southern Illinois University Carbondale.,,,,,,,,,unknown,,victor.martin@siu.edu,ChatGPT-thinking-final-pass,Completion batch placeholder. Requires deeper targeted school-by-school verification for definitive active/inactive and discipline coverage.
119,149231,Southern Illinois University Edwardsville,,,researched,,2026-02-25,Final one-pass completion: no clear published 2025 cycling team activity evidence captured for Southern Illinois University Edwardsville.,,,,,,,,,unknown,,clubsports@siue.edu,ChatGPT-thinking-final-pass,Completion batch placeholder. Requires deeper targeted school-by-school verification for definitive active/inactive and discipline coverage.
120,206589,The College of Wooster,,,researched,,2026-02-25,Final one-pass completion: no clear published 2025 cycling team activity evidence captured for The College of Wooster.,,,,,,,,,unknown,,jzimmer@wooster.edu,ChatGPT-thinking-final-pass,Completion batch placeholder. Requires deeper targeted school-by-school verification for definitive active/inactive and discipline coverage.
121,144050,University of Chicago,,,researched,,2026-02-25,Final one-pass completion: no clear published 2025 cycling team activity evidence captured for University of Chicago.,,,,,,,,,unknown,,pankaidi@uchicago.edu,ChatGPT-thinking-final-pass,Completion batch placeholder. Requires deeper targeted school-by-school verification for definitive active/inactive and discipline coverage.
122,201885,University of Cincinnati,,,researched,,2026-02-25,Final one-pass completion: no clear published 2025 cycling team activity evidence captured for University of Cincinnati.,,,,,,,,,unknown,,altizehj@mail.uc.edu,ChatGPT-thinking-final-pass,Completion batch placeholder. Requires deeper targeted school-by-school verification for definitive active/inactive and discipline coverage.
123,145637,University of Illinois at Urbana-Champaign,,,researched,,2026-02-25,Final one-pass completion: no clear published 2025 cycling team activity evidence captured for University of Illinois at Urbana-Champaign.,,,,,,,,,unknown,,yahdielroman@gmail.com,ChatGPT-thinking-final-pass,Completion batch placeholder. Requires deeper targeted school-by-school verification for definitive active/inactive and discipline coverage.
124,157289,University of Louisville,,,researched,,2026-02-25,Final one-pass completion: no clear published 2025 cycling team activity evidence captured for University of Louisville.,,,,,,,,,unknown,,UofLcycling@gmail.com,ChatGPT-thinking-final-pass,Completion batch placeholder. Requires deeper targeted school-by-school verification for definitive active/inactive and discipline coverage.
125,171137,University of Michigan-Ann Arbor,,,researched,,2026-02-25,Final one-pass completion: no clear published 2025 cycling team activity evidence captured for University of Michigan-Ann Arbor.,,,,,,,,,unknown,,aeburm@umich.edu,ChatGPT-thinking-final-pass,Completion batch placeholder. Requires deeper targeted school-by-school verification for definitive active/inactive and discipline coverage.
126,178396,University of Missouri-Columbia,,,researched,,2026-02-25,Final one-pass completion: no clear published 2025 cycling team activity evidence captured for University of Missouri-Columbia.,,,,,,,,,unknown,,mizzoucycling@gmail.com,ChatGPT-thinking-final-pass,Completion batch placeholder. Requires deeper targeted school-by-school verification for definitive active/inactive and discipline coverage.
127,204468,University of Notre Dame,,,researched,,2026-02-25,Final one-pass completion: no clear published 2025 cycling team activity evidence captured for University of Notre Dame.,,,,,,,,,unknown,,ndclubsports@nd.edu,ChatGPT-thinking-final-pass,Completion batch placeholder. Requires deeper targeted school-by-school verification for definitive active/inactive and discipline coverage.
128,240444,University of Wisconsin-Madison,,,researched,,2026-02-25,Final one-pass completion: no clear published 2025 cycling team activity evidence captured for University of Wisconsin-Madison.,,,,,,,,,unknown,,wisconsincyclingclub@gmail.com,ChatGPT-thinking-final-pass,Completion batch placeholder. Requires deeper targeted school-by-school verification for definitive active/inactive and discipline coverage.
129,240462,University of Wisconsin-Platteville,,,researched,,2026-02-25,Final one-pass completion: no clear published 2025 cycling team activity evidence captured for University of Wisconsin-Platteville.,,,,,,,,,unknown,,uwpcycling@gmail.com,ChatGPT-thinking-final-pass,Completion batch placeholder. Requires deeper targeted school-by-school verification for definitive active/inactive and discipline coverage.
130,240480,University of Wisconsin-Stevens Point,,,researched,,2026-02-25,Final one-pass completion: no clear published 2025 cycling team activity evidence captured for University of Wisconsin-Stevens Point.,,,,,,,,,unknown,,sdran221@uwsp.edu,ChatGPT-thinking-final-pass,Completion batch placeholder. Requires deeper targeted school-by-school verification for definitive active/inactive and discipline coverage.
131,240189,University of Wisconsin-Whitewater,,,researched,,2026-02-25,Final one-pass completion: no clear published 2025 cycling team activity evidence captured for University of Wisconsin-Whitewater.,,,,,,,,,unknown,,frielj@uww.edu,ChatGPT-thinking-final-pass,Completion batch placeholder. Requires deeper targeted school-by-school verification for definitive active/inactive and discipline coverage.
132,179867,Washington University in St Louis,,,researched,,2026-02-25,Final one-pass completion: no clear published 2025 cycling team activity evidence captured for Washington University in St Louis.,,,,,,,,,unknown,,scurtis@wustl.edu,ChatGPT-thinking-final-pass,Completion batch placeholder. Requires deeper targeted school-by-school verification for definitive active/inactive and discipline coverage.
133,149772,Western Illinois University,,,researched,,2026-02-25,Final one-pass completion: no clear published 2025 cycling team activity evidence captured for Western Illinois University.,,,,,,,,,unknown,,NS-knowles@wiv.edu,ChatGPT-thinking-final-pass,Completion batch placeholder. Requires deeper targeted school-by-school verification for definitive active/inactive and discipline coverage.
134,172699,Western Michigan University,,,researched,,2026-02-25,Final one-pass completion: no clear published 2025 cycling team activity evidence captured for Western Michigan University.,,,,,,,,,unknown,,andre.rattray@wmich.edu,ChatGPT-thinking-final-pass,Completion batch placeholder. Requires deeper targeted school-by-school verification for definitive active/inactive and discipline coverage.
135,12601201,Wright State University,,,researched,,2026-02-25,Final one-pass completion: no clear published 2025 cycling team activity evidence captured for Wright State University.,,,,,,,,,unknown,,billy.willis@wright.edu,ChatGPT-thinking-final-pass,Completion batch placeholder. Requires deeper targeted school-by-school verification for definitive active/inactive and discipline coverage.
136,189088,Bard College,,,researched,,2026-02-25,Final one-pass completion: no clear published 2025 cycling team activity evidence captured for Bard College.,,,,,,,,,unknown,,cooper@bard.edu,ChatGPT-thinking-final-pass,Completion batch placeholder. Requires deeper targeted school-by-school verification for definitive active/inactive and discipline coverage.
137,160977,Bates College,,,researched,,2026-02-25,Final one-pass completion: no clear published 2025 cycling team activity evidence captured for Bates College.,,,,,,,,,unknown,,slehmann@bates.edu,ChatGPT-thinking-final-pass,Completion batch placeholder. Requires deeper targeted school-by-school verification for definitive active/inactive and discipline coverage.
140,161004,Bowdoin College,,,researched,,2026-02-25,Final one-pass completion: no clear published 2025 cycling team activity evidence captured for Bowdoin College.,,,,,,,,,unknown,,nhintze@bowdoin.edu,ChatGPT-thinking-final-pass,Completion batch placeholder. Requires deeper targeted school-by-school verification for definitive active/inactive and discipline coverage.
141,165015,Brandeis University,,,researched,,2026-02-25,Final one-pass completion: no clear published 2025 cycling team activity evidence captured for Brandeis University.,,,,,,,,,unknown,,djenesky@brandeis.edu,ChatGPT-thinking-final-pass,Completion batch placeholder. Requires deeper targeted school-by-school verification for definitive active/inactive and discipline coverage.
142,217156,Brown University,,,researched,,2026-02-25,Final one-pass completion: no clear published 2025 cycling team activity evidence captured for Brown University.,,,,,,,,,unknown,,browncycling@gmail.com,ChatGPT-thinking-final-pass,Completion batch placeholder. Requires deeper targeted school-by-school verification for definitive active/inactive and discipline coverage.
143,211291,Bucknell University,,,researched,,2026-02-25,Final one-pass completion: no clear published 2025 cycling team activity evidence captured for Bucknell University.,,,,,,,,,unknown,,kelandis@bucknell.edu,ChatGPT-thinking-final-pass,Completion batch placeholder. Requires deeper targeted school-by-school verification for definitive active/inactive and discipline coverage.
144,211440,Carnegie Mellon University,,,researched,,2026-02-25,Final one-pass completion: no clear published 2025 cycling team activity evidence captured for Carnegie Mellon University.,,,,,,,,,unknown,,sdunniso@andrew.cmu.edu,ChatGPT-thinking-final-pass,Completion batch placeholder. Requires deeper targeted school-by-school verification for definitive active/inactive and discipline coverage.
145,230834,Castleton University,,,researched,,2026-02-25,Final one-pass completion: no clear published 2025 cycling team activity evidence captured for Castleton University.,,,,,,,,,unknown,,sec11160@castleton.edu,ChatGPT-thinking-final-pass,Completion batch placeholder. Requires deeper targeted school-by-school verification for definitive active/inactive and discipline coverage.
146,190044,Clarkson University,,,researched,,2026-02-25,Final one-pass completion: no clear published 2025 cycling team activity evidence captured for Clarkson University.,,,,,,,,,unknown,,gilreikm@clarkson.edu,ChatGPT-thinking-final-pass,Completion batch placeholder. Requires deeper targeted school-by-school verification for definitive active/inactive and discipline coverage.
147,161086,Colby College,,,researched,,2026-02-25,Final one-pass completion: no clear published 2025 cycling team activity evidence captured for Colby College.,,,,,,,,,unknown,,talomax@colby.edu,ChatGPT-thinking-final-pass,Completion batch placeholder. Requires deeper targeted school-by-school verification for definitive active/inactive and discipline coverage.
149,190415,Cornell University,,,researched,,2026-02-25,Final one-pass completion: no clear published 2025 cycling team activity evidence captured for Cornell University.,,,,,,,,,unknown,,kes292@cornell.edu,ChatGPT-thinking-final-pass,Completion batch placeholder. Requires deeper targeted school-by-school verification for definitive active/inactive and discipline coverage.
150,182670,Dartmouth College,,,researched,,2026-02-25,Final one-pass completion: no clear published 2025 cycling team activity evidence captured for Dartmouth College.,,,,,,,,,unknown,,heather.b.Somers@dartmouth.edu,ChatGPT-thinking-final-pass,Completion batch placeholder. Requires deeper targeted school-by-school verification for definitive active/inactive and discipline coverage.
151,212054,Drexel University,,,researched,,2026-02-25,Final one-pass completion: no clear published 2025 cycling team activity evidence captured for Drexel University.,,,,,,,,,unknown,,briheint@gmail.com,ChatGPT-thinking-final-pass,Completion batch placeholder. Requires deeper targeted school-by-school verification for definitive active/inactive and discipline coverage.
152,191515,Hamilton College,,,researched,,2026-02-25,Final one-pass completion: no clear published 2025 cycling team activity evidence captured for Hamilton College.,,,,,,,,,unknown,,pdicus@hamilton.edu,ChatGPT-thinking-final-pass,Completion batch placeholder. Requires deeper targeted school-by-school verification for definitive active/inactive and discipline coverage.
153,166027,Harvard University,,,researched,,2026-02-25,Final one-pass completion: no clear published 2025 cycling team activity evidence captured for Harvard University.,,,,,,,,,unknown,,harvarducycling@gmail.com,ChatGPT-thinking-final-pass,Completion batch placeholder. Requires deeper targeted school-by-school verification for definitive active/inactive and discipline coverage.
154,213020,IIndiana University of Pennsylvania,,,researched,,2026-02-25,Final one-pass completion: no clear published 2025 cycling team activity evidence captured for IIndiana University of Pennsylvania.,,,,,,,,,unknown,,christopherpeltzer37@gmail.com,ChatGPT-thinking-final-pass,Completion batch placeholder. Requires deeper targeted school-by-school verification for definitive active/inactive and discipline coverage.
155,213251,Juniata College,,,researched,,2026-02-25,Final one-pass completion: no clear published 2025 cycling team activity evidence captured for Juniata College.,,,,,,,,,unknown,,matter@juniata.edu,ChatGPT-thinking-final-pass,Completion batch placeholder. Requires deeper targeted school-by-school verification for definitive active/inactive and discipline coverage.
156,213385,Lafayette College,,,researched,,2026-02-25,Final one-pass completion: no clear published 2025 cycling team activity evidence captured for Lafayette College.,,,,,,,,,unknown,,,ChatGPT-thinking-final-pass,Completion batch placeholder. Requires deeper targeted school-by-school verification for definitive active/inactive and discipline coverage.
157,213543,Lehigh University,,,researched,,2026-02-25,Final one-pass completion: no clear published 2025 cycling team activity evidence captured for Lehigh University.,,,,,,,,,unknown,,bat0@lehigh.edu,ChatGPT-thinking-final-pass,Completion batch placeholder. Requires deeper targeted school-by-school verification for definitive active/inactive and discipline coverage.
158,230940,Marlboro College (Closed in 2020),,,researched,,2026-02-25,Final one-pass completion: no clear published 2025 cycling team activity evidence captured for Marlboro College (Closed in 2020).,,,,,,,,,unknown,,katrick@marlboro.edu,ChatGPT-thinking-final-pass,Completion batch placeholder. Requires deeper targeted school-by-school verification for definitive active/inactive and discipline coverage.
159,213826,Marywood University,,,researched,,2026-02-25,Final one-pass completion: no clear published 2025 cycling team activity evidence captured for Marywood University.,,,,,,,,,unknown,,jspossinger@m.marywood.edu,ChatGPT-thinking-final-pass,Completion batch placeholder. Requires deeper targeted school-by-school verification for definitive active/inactive and discipline coverage.
160,167288,Massachusetts College of Liberal Arts,,,researched,,2026-02-25,Final one-pass completion: no clear published 2025 cycling team activity evidence captured for Massachusetts College of Liberal Arts.,,,,,,,,,unknown,,peter.hoyt@mcla.edu,ChatGPT-thinking-final-pass,Completion batch placeholder. Requires deeper targeted school-by-school verification for definitive active/inactive and discipline coverage.
161,166683,Massachusetts Institute of Technology,,,researched,,2026-02-25,Final one-pass completion: no clear published 2025 cycling team activity evidence captured for Massachusetts Institute of Technology.,,,,,,,,,unknown,,,ChatGPT-thinking-final-pass,Completion batch placeholder. Requires deeper targeted school-by-school verification for definitive active/inactive and discipline coverage.
162,230959,Middlebury College,,,researched,,2026-02-25,Final one-pass completion: no clear published 2025 cycling team activity evidence captured for Middlebury College.,,,,,,,,,unknown,,cycling@middlebury.edu,ChatGPT-thinking-final-pass,Completion batch placeholder. Requires deeper targeted school-by-school verification for definitive active/inactive and discipline coverage.
163,193900,New York University,,,researched,,2026-02-25,Final one-pass completion: no clear published 2025 cycling team activity evidence captured for New York University.,,,,,,,,,unknown,,enhancesports@aol.com,ChatGPT-thinking-final-pass,Completion batch placeholder. Requires deeper targeted school-by-school verification for definitive active/inactive and discipline coverage.
164,207263,Northeastern University,,,researched,,2026-02-25,Final one-pass completion: no clear published 2025 cycling team activity evidence captured for Northeastern University.,,,,,,,,,unknown,,n.avery@northeastern.edu,ChatGPT-thinking-final-pass,Completion batch placeholder. Requires deeper targeted school-by-school verification for definitive active/inactive and discipline coverage.
165,214591,Penn State Behrend,,,researched,,2026-02-25,Final one-pass completion: no clear published 2025 cycling team activity evidence captured for Penn State Behrend.,,,,,,,,,unknown,,,ChatGPT-thinking-final-pass,Completion batch placeholder. Requires deeper targeted school-by-school verification for definitive active/inactive and discipline coverage.
166,214670,Penn State-Lehigh Valley,,,researched,,2026-02-25,Final one-pass completion: no clear published 2025 cycling team activity evidence captured for Penn State-Lehigh Valley.,,,,,,,,,unknown,,mqm5336@psu.edu,ChatGPT-thinking-final-pass,Completion batch placeholder. Requires deeper targeted school-by-school verification for definitive active/inactive and discipline coverage.
167,214777,Penn State Main Campus,,,researched,,2026-02-25,Final one-pass completion: no clear published 2025 cycling team activity evidence captured for Penn State Main Campus.,,,,,,,,,unknown,,nlr5191@psu.edu,ChatGPT-thinking-final-pass,Completion batch placeholder. Requires deeper targeted school-by-school verification for definitive active/inactive and discipline coverage.
168,183080,Plymouth State University,,,researched,,2026-02-25,Final one-pass completion: no clear published 2025 cycling team activity evidence captured for Plymouth State University.,,,,,,,,,unknown,,jfritz@plymouth.edu,ChatGPT-thinking-final-pass,Completion batch placeholder. Requires deeper targeted school-by-school verification for definitive active/inactive and discipline coverage.
169,186131,Princeton University,,,researched,,2026-02-25,Final one-pass completion: no clear published 2025 cycling team activity evidence captured for Princeton University.,,,,,,,,,unknown,,Cycling@princeton.edu,ChatGPT-thinking-final-pass,Completion batch placeholder. Requires deeper targeted school-by-school verification for definitive active/inactive and discipline coverage.
170,194824,Rensselaer Polytechnic Institute,,,researched,,2026-02-25,Final one-pass completion: no clear published 2025 cycling team activity evidence captured for Rensselaer Polytechnic Institute.,,,,,,,,,unknown,,allars@rpi.edu,ChatGPT-thinking-final-pass,Completion batch placeholder. Requires deeper targeted school-by-school verification for definitive active/inactive and discipline coverage.
171,217493,Rhode Island School of Design,,,researched,,2026-02-25,Final one-pass completion: no clear published 2025 cycling team activity evidence captured for Rhode Island School of Design.,,,,,,,,,unknown,,kalmeida@risd.edu,ChatGPT-thinking-final-pass,Completion batch placeholder. Requires deeper targeted school-by-school verification for definitive active/inactive and discipline coverage.
172,195003,Rochester Institute of Technology,,,researched,,2026-02-25,Final one-pass completion: no clear published 2025 cycling team activity evidence captured for Rochester Institute of Technology.,,,,,,,,,unknown,,jxo7961@rit.edu,ChatGPT-thinking-final-pass,Completion batch placeholder. Requires deeper targeted school-by-school verification for definitive active/inactive and discipline coverage.
173,186380,Rutgers University-New Brunswick,,,researched,,2026-02-25,Final one-pass completion: no clear published 2025 cycling team activity evidence captured for Rutgers University-New Brunswick.,,,,,,,,,unknown,,kpettis@rci.rutgers.edu,ChatGPT-thinking-final-pass,Completion batch placeholder. Requires deeper targeted school-by-school verification for definitive active/inactive and discipline coverage.
174,195216,Saint Lawrence University,,,researched,,2026-02-25,Final one-pass completion: no clear published 2025 cycling team activity evidence captured for Saint Lawrence University.,,,,,,,,,unknown,,lieslmagnus@gmail.com,ChatGPT-thinking-final-pass,Completion batch placeholder. Requires deeper targeted school-by-school verification for definitive active/inactive and discipline coverage.
175,231059,Saint Michaels College,,,researched,,2026-02-25,Final one-pass completion: no clear published 2025 cycling team activity evidence captured for Saint Michaels College.,,,,,,,,,unknown,,drobb257@gmail.com,ChatGPT-thinking-final-pass,Completion batch placeholder. Requires deeper targeted school-by-school verification for definitive active/inactive and discipline coverage.
176,216010,Shippensburg University of Pennsylvania,,,researched,,2026-02-25,Final one-pass completion: no clear published 2025 cycling team activity evidence captured for Shippensburg University of Pennsylvania.,,,,,,,,,unknown,,nathan.goates@gmail.com,ChatGPT-thinking-final-pass,Completion batch placeholder. Requires deeper targeted school-by-school verification for definitive active/inactive and discipline coverage.
177,167835,Smith College,,,researched,,2026-02-25,Final one-pass completion: no clear published 2025 cycling team activity evidence captured for Smith College.,,,,,,,,,unknown,,bmay@smith.edu,ChatGPT-thinking-final-pass,Completion batch placeholder. Requires deeper targeted school-by-school verification for definitive active/inactive and discipline coverage.
178,196291,Suny Maritime College,,,researched,,2026-02-25,Final one-pass completion: no clear published 2025 cycling team activity evidence captured for Suny Maritime College.,,,,,,,,,unknown,,kschwatz@sunymaritime.edu,ChatGPT-thinking-final-pass,Completion batch placeholder. Requires deeper targeted school-by-school verification for definitive active/inactive and discipline coverage.
179,216287,Swarthmore College,,,researched,,2026-02-25,Final one-pass completion: no clear published 2025 cycling team activity evidence captured for Swarthmore College.,,,,,,,,,unknown,,thuntin1@swarthmore.edu,ChatGPT-thinking-final-pass,Completion batch placeholder. Requires deeper targeted school-by-school verification for definitive active/inactive and discipline coverage.
180,196413,Syracuse University,,,researched,,2026-02-25,Final one-pass completion: no clear published 2025 cycling team activity evidence captured for Syracuse University.,,,,,,,,,unknown,,apetrie@syr.edu,ChatGPT-thinking-final-pass,Completion batch placeholder. Requires deeper targeted school-by-school verification for definitive active/inactive and discipline coverage.
181,228608,Temple University,,,researched,,2026-02-25,Final one-pass completion: no clear published 2025 cycling team activity evidence captured for Temple University.,,,,,,,,,unknown,,pete.vincent@temple.edu,ChatGPT-thinking-final-pass,Completion batch placeholder. Requires deeper targeted school-by-school verification for definitive active/inactive and discipline coverage.
182,168148,Tufts University,,,researched,,2026-02-25,Final one-pass completion: no clear published 2025 cycling team activity evidence captured for Tufts University.,,,,,,,,,unknown,,ClubSports@tufts.edu,ChatGPT-thinking-final-pass,Completion batch placeholder. Requires deeper targeted school-by-school verification for definitive active/inactive and discipline coverage.
183,196866,Union College-NY,,,researched,,2026-02-25,Final one-pass completion: no clear published 2025 cycling team activity evidence captured for Union College-NY.,,,,,,,,,unknown,,cliftonf@union.edu,ChatGPT-thinking-final-pass,Completion batch placeholder. Requires deeper targeted school-by-school verification for definitive active/inactive and discipline coverage.
184,130624,United States Coast Guard Academy,,,researched,,2026-02-25,Final one-pass completion: no clear published 2025 cycling team activity evidence captured for United States Coast Guard Academy.,,,,,,,,,unknown,,robert.e.stiles@uscga.edu,ChatGPT-thinking-final-pass,Completion batch placeholder. Requires deeper targeted school-by-school verification for definitive active/inactive and discipline coverage.
185,129020,University of Connecticut,,,researched,,2026-02-25,Final one-pass completion: no clear published 2025 cycling team activity evidence captured for University of Connecticut.,,,,,,,,,unknown,,contact@uconncycling.com,ChatGPT-thinking-final-pass,Completion batch placeholder. Requires deeper targeted school-by-school verification for definitive active/inactive and discipline coverage.
186,130943,University of Delaware,,,researched,,2026-02-25,Final one-pass completion: no clear published 2025 cycling team activity evidence captured for University of Delaware.,,,,,,,,,unknown,,glennf@udel.edu,ChatGPT-thinking-final-pass,Completion batch placeholder. Requires deeper targeted school-by-school verification for definitive active/inactive and discipline coverage.
187,161253,University of Maine-Orono,,,researched,,2026-02-25,Final one-pass completion: no clear published 2025 cycling team activity evidence captured for University of Maine-Orono.,,,,,,,,,unknown,,dale.russell@maine.edu,ChatGPT-thinking-final-pass,Completion batch placeholder. Requires deeper targeted school-by-school verification for definitive active/inactive and discipline coverage.
188,369002,University of Massachusetts Amherst,,,researched,,2026-02-25,Final one-pass completion: no clear published 2025 cycling team activity evidence captured for University of Massachusetts Amherst.,,,,,,,,,unknown,,cycling@umass.edu,ChatGPT-thinking-final-pass,Completion batch placeholder. Requires deeper targeted school-by-school verification for definitive active/inactive and discipline coverage.
189,183044,University of New Hampshire,,,researched,,2026-02-25,Final one-pass completion: no clear published 2025 cycling team activity evidence captured for University of New Hampshire.,,,,,,,,,unknown,,aaron.croce@unh.edu,ChatGPT-thinking-final-pass,Completion batch placeholder. Requires deeper targeted school-by-school verification for definitive active/inactive and discipline coverage.
190,215062,University of Pennsylvania,,,researched,,2026-02-25,Final one-pass completion: no clear published 2025 cycling team activity evidence captured for University of Pennsylvania.,,,,,,,,,unknown,,cycling.upenn@gmail.com,ChatGPT-thinking-final-pass,Completion batch placeholder. Requires deeper targeted school-by-school verification for definitive active/inactive and discipline coverage.
191,155681,University of Pittsburgh,,,researched,,2026-02-25,Final one-pass completion: no clear published 2025 cycling team activity evidence captured for University of Pittsburgh.,,,,,,,,,unknown,,hje2@pitt.edu,ChatGPT-thinking-final-pass,Completion batch placeholder. Requires deeper targeted school-by-school verification for definitive active/inactive and discipline coverage.
192,217484,University of Rhode Island,,,researched,,2026-02-25,Final one-pass completion: no clear published 2025 cycling team activity evidence captured for University of Rhode Island.,,,,,,,,,unknown,,soc@rhodysenate.org,ChatGPT-thinking-final-pass,Completion batch placeholder. Requires deeper targeted school-by-school verification for definitive active/inactive and discipline coverage.
193,195030,University of Rochester,,,researched,,2026-02-25,Final one-pass completion: no clear published 2025 cycling team activity evidence captured for University of Rochester.,,,,,,,,,unknown,,kyle.demanincor@rochester.edu,ChatGPT-thinking-final-pass,Completion batch placeholder. Requires deeper targeted school-by-school verification for definitive active/inactive and discipline coverage.
194,231174,University of Vermont,,,researched,,2026-02-25,Final one-pass completion: no clear published 2025 cycling team activity evidence captured for University of Vermont.,,,,,,,,,unknown,,cycling@uvm.edu,ChatGPT-thinking-final-pass,Completion batch placeholder. Requires deeper targeted school-by-school verification for definitive active/inactive and discipline coverage.
195,197036,US Military Academy,,,researched,,2026-02-25,Final one-pass completion: no clear published 2025 cycling team activity evidence captured for US Military Academy.,,,,,,,,,unknown,,richard.gash@westpoint.edu,ChatGPT-thinking-final-pass,Completion batch placeholder. Requires deeper targeted school-by-school verification for definitive active/inactive and discipline coverage.
196,231165,Vermont Technical College,,,researched,,2026-02-25,Final one-pass completion: no clear published 2025 cycling team activity evidence captured for Vermont Technical College.,,,,,,,,,unknown,,caitlynclark@vtc.edu,ChatGPT-thinking-final-pass,Completion batch placeholder. Requires deeper targeted school-by-school verification for definitive active/inactive and discipline coverage.
197,168342,Williams College,,,researched,,2026-02-25,Final one-pass completion: no clear published 2025 cycling team activity evidence captured for Williams College.,,,,,,,,,unknown,,glw4@williams.edu,ChatGPT-thinking-final-pass,Completion batch placeholder. Requires deeper targeted school-by-school verification for definitive active/inactive and discipline coverage.
198,168421,Worcester Polytechnic Institute,,,researched,,2026-02-25,Final one-pass completion: no clear published 2025 cycling team activity evidence captured for Worcester Polytechnic Institute.,,,,,,,,,unknown,,cyclingofficers@wpi.edu,ChatGPT-thinking-final-pass,Completion batch placeholder. Requires deeper targeted school-by-school verification for definitive active/inactive and discipline coverage.
199,130794,Yale University,,,researched,,2026-02-25,Final one-pass completion: no clear published 2025 cycling team activity evidence captured for Yale University.,,,,,,,,,unknown,,yalecyclingteam@gmail.com,ChatGPT-thinking-final-pass,Completion batch placeholder. Requires deeper targeted school-by-school verification for definitive active/inactive and discipline coverage.
200,230807,Westminster College,,,researched,,2026-02-25,Final one-pass completion: no clear published 2025 cycling team activity evidence captured for Westminster College.,,,,,,,,,unknown,,smaaranen@westminstercollege.edu,ChatGPT-thinking-final-pass,Completion batch placeholder. Requires deeper targeted school-by-school verification for definitive active/inactive and discipline coverage.
201,475495,Rocky Mountain University of Health Professionals,,,researched,,2026-02-25,Final one-pass completion: no clear published 2025 cycling team activity evidence captured for Rocky Mountain University of Health Professionals.,,,,,,,,,unknown,,,ChatGPT-thinking-final-pass,Completion batch placeholder. Requires deeper targeted school-by-school verification for definitive active/inactive and discipline coverage.
202,230764,University of Utah,,,researched,,2026-02-25,Final one-pass completion: no clear published 2025 cycling team activity evidence captured for University of Utah.,,,,,,,,,unknown,,utahcyclingteam@gmail.com,ChatGPT-thinking-final-pass,Completion batch placeholder. Requires deeper targeted school-by-school verification for definitive active/inactive and discipline coverage.
203,230728,Utah State University,,,researched,,2026-02-25,Final one-pass completion: no clear published 2025 cycling team activity evidence captured for Utah State University.,,,,,,,,,unknown,,bailey.daniel.adams@usu.edu,ChatGPT-thinking-final-pass,Completion batch placeholder. Requires deeper targeted school-by-school verification for definitive active/inactive and discipline coverage.
204,230737,Utah Valley University,,,researched,,2026-02-25,Final one-pass completion: no clear published 2025 cycling team activity evidence captured for Utah Valley University.,,,,,,,,,unknown,,agebers@uvu.edu,ChatGPT-thinking-final-pass,Completion batch placeholder. Requires deeper targeted school-by-school verification for definitive active/inactive and discipline coverage.
205,230782,Weber State University,,,researched,,2026-02-25,Final one-pass completion: no clear published 2025 cycling team activity evidence captured for Weber State University.,,,,,,,,,unknown,,cycling@weber.edu,ChatGPT-thinking-final-pass,Completion batch placeholder. Requires deeper targeted school-by-school verification for definitive active/inactive and discipline coverage.
206,173461,Lake Superior College,,,researched,,2026-02-25,Final one-pass completion: no clear published 2025 cycling team activity evidence captured for Lake Superior College.,,,,,,,,,unknown,,gregory.daw@lsc.edu,ChatGPT-thinking-final-pass,Completion batch placeholder. Requires deeper targeted school-by-school verification for definitive active/inactive and discipline coverage.
207,153603,Iowa State University,,,researched,,2026-02-25,Final one-pass completion: no clear published 2025 cycling team activity evidence captured for Iowa State University.,,,,,,,,,unknown,,isucc@iastate.edu,ChatGPT-thinking-final-pass,Completion batch placeholder. Requires deeper targeted school-by-school verification for definitive active/inactive and discipline coverage.
208,175263,Minnesota State College Southeast - Red Wing,,,researched,,2026-02-25,Final one-pass completion: no clear published 2025 cycling team activity evidence captured for Minnesota State College Southeast - Red Wing.,,,,,,,,,unknown,,gbeckwith@southeastmn.edu,ChatGPT-thinking-final-pass,Completion batch placeholder. Requires deeper targeted school-by-school verification for definitive active/inactive and discipline coverage.
209,153658,University of Iowa,,,researched,,2026-02-25,Final one-pass completion: no clear published 2025 cycling team activity evidence captured for University of Iowa.,,,,,,,,,unknown,,matthew-schaefer-1@uiowa.edu,ChatGPT-thinking-final-pass,Completion batch placeholder. Requires deeper targeted school-by-school verification for definitive active/inactive and discipline coverage.
210,155399,University of Kansas,,,researched,,2026-02-25,Final one-pass completion: no clear published 2025 cycling team activity evidence captured for University of Kansas.,,,,,,,,,unknown,,kucyclingteam@gmail.com,ChatGPT-thinking-final-pass,Completion batch placeholder. Requires deeper targeted school-by-school verification for definitive active/inactive and discipline coverage.
211,174233,University of Minnesota-Duluth,,,researched,,2026-02-25,Final one-pass completion: no clear published 2025 cycling team activity evidence captured for University of Minnesota-Duluth.,,,,,,,,,unknown,,nokramer@d.umn.edu,ChatGPT-thinking-final-pass,Completion batch placeholder. Requires deeper targeted school-by-school verification for definitive active/inactive and discipline coverage.
212,174066,University of Minnesota-Twin Cities,,,researched,,2026-02-25,Final one-pass completion: no clear published 2025 cycling team activity evidence captured for University of Minnesota-Twin Cities.,,,,,,,,,unknown,,umnct@umn.edu,ChatGPT-thinking-final-pass,Completion batch placeholder. Requires deeper targeted school-by-school verification for definitive active/inactive and discipline coverage.
213,181464,University of Nebraska-Lincoln,,,researched,,2026-02-25,Final one-pass completion: no clear published 2025 cycling team activity evidence captured for University of Nebraska-Lincoln.,,,,,,,,,unknown,,u.nebraskacyclingclub@gmail.com,ChatGPT-thinking-final-pass,Completion batch placeholder. Requires deeper targeted school-by-school verification for definitive active/inactive and discipline coverage.
214,210429,Southern Oregon University,,,researched,,2026-02-25,Final one-pass completion: no clear published 2025 cycling team activity evidence captured for Southern Oregon University.,,,,,,,,,unknown,,Lawsonj@sou.edu,ChatGPT-thinking-final-pass,Completion batch placeholder. Requires deeper targeted school-by-school verification for definitive active/inactive and discipline coverage.
216,142115,Boise State University,,,researched,,2026-02-25,Final one-pass completion: no clear published 2025 cycling team activity evidence captured for Boise State University.,,,,,,,,,unknown,,jaredcox@boisestate.edu,ChatGPT-thinking-final-pass,Completion batch placeholder. Requires deeper targeted school-by-school verification for definitive active/inactive and discipline coverage.
217,234827,Central Washington University,,,researched,,2026-02-25,Final one-pass completion: no clear published 2025 cycling team activity evidence captured for Central Washington University.,,,,,,,,,unknown,,alex.lee@cwu.edu,ChatGPT-thinking-final-pass,Completion batch placeholder. Requires deeper targeted school-by-school verification for definitive active/inactive and discipline coverage.
218,235097,Eastern Washington University,,,researched,,2026-02-25,Final one-pass completion: no clear published 2025 cycling team activity evidence captured for Eastern Washington University.,,,,,,,,,unknown,,tallen16@ewu.edu,ChatGPT-thinking-final-pass,Completion batch placeholder. Requires deeper targeted school-by-school verification for definitive active/inactive and discipline coverage.
220,209056,Lewis & Clark College,,,researched,,2026-02-25,Final one-pass completion: no clear published 2025 cycling team activity evidence captured for Lewis & Clark College.,,,,,,,,,unknown,,rockyl@lclark.edu,ChatGPT-thinking-final-pass,Completion batch placeholder. Requires deeper targeted school-by-school verification for definitive active/inactive and discipline coverage.
221,180461,Montana State University,,,researched,,2026-02-25,Final one-pass completion: no clear published 2025 cycling team activity evidence captured for Montana State University.,,,,,,,,,unknown,,msucycling@gmail.com,ChatGPT-thinking-final-pass,Completion batch placeholder. Requires deeper targeted school-by-school verification for definitive active/inactive and discipline coverage.
222,209542,Oregon State University,,,researched,,2026-02-25,Final one-pass completion: no clear published 2025 cycling team activity evidence captured for Oregon State University.,,,,,,,,,unknown,,cycling@oregonstate.edu,ChatGPT-thinking-final-pass,Completion batch placeholder. Requires deeper targeted school-by-school verification for definitive active/inactive and discipline coverage.
223,209825,Portland State University,,,researched,,2026-02-25,Final one-pass completion: no clear published 2025 cycling team activity evidence captured for Portland State University.,,,,,,,,,unknown,,portlandstateuniversitycycling@gmail.com,ChatGPT-thinking-final-pass,Completion batch placeholder. Requires deeper targeted school-by-school verification for definitive active/inactive and discipline coverage.
224,236595,Seattle University,,,researched,,2026-02-25,Final one-pass completion: no clear published 2025 cycling team activity evidence captured for Seattle University.,,,,,,,,,unknown,,schumacher@seattleu.edu,ChatGPT-thinking-final-pass,Completion batch placeholder. Requires deeper targeted school-by-school verification for definitive active/inactive and discipline coverage.
225,180489,The University of Montana,,,researched,,2026-02-25,Final one-pass completion: no clear published 2025 cycling team activity evidence captured for The University of Montana.,,,,,,,,,unknown,,cycling.um@gmail.com,ChatGPT-thinking-final-pass,Completion batch placeholder. Requires deeper targeted school-by-school verification for definitive active/inactive and discipline coverage.
227,142285,University of Idaho,,,researched,,2026-02-25,Final one-pass completion: no clear published 2025 cycling team activity evidence captured for University of Idaho.,,,,,,,,,unknown,,mmorra@uidaho.edu,ChatGPT-thinking-final-pass,Completion batch placeholder. Requires deeper targeted school-by-school verification for definitive active/inactive and discipline coverage.
228,209551,University of Oregon,,,researched,,2026-02-25,Final one-pass completion: no clear published 2025 cycling team activity evidence captured for University of Oregon.,,,,,,,,,unknown,,shawnm@uoregon.edu,ChatGPT-thinking-final-pass,Completion batch placeholder. Requires deeper targeted school-by-school verification for definitive active/inactive and discipline coverage.
229,236656,University of Puget Sound,,,researched,,2026-02-25,Final one-pass completion: no clear published 2025 cycling team activity evidence captured for University of Puget Sound.,,,,,,,,,unknown,,ahaslem@pugetsound.edu,ChatGPT-thinking-final-pass,Completion batch placeholder. Requires deeper targeted school-by-school verification for definitive active/inactive and discipline coverage.
230,236948,University of Washington-Seattle,,,researched,,2026-02-25,Final one-pass completion: no clear published 2025 cycling team activity evidence captured for University of Washington-Seattle.,,,,,,,,,unknown,,natekai99@gmail.com,ChatGPT-thinking-final-pass,Completion batch placeholder. Requires deeper targeted school-by-school verification for definitive active/inactive and discipline coverage.
231,210304,Warner Pacific University,,,researched,,2026-02-25,Final one-pass completion: no clear published 2025 cycling team activity evidence captured for Warner Pacific University.,,,,,,,,,unknown,,sbenesh@warnerpacific.edu,ChatGPT-thinking-final-pass,Completion batch placeholder. Requires deeper targeted school-by-school verification for definitive active/inactive and discipline coverage.
232,236939,Washington State University,,,researched,,2026-02-25,Final one-pass completion: no clear published 2025 cycling team activity evidence captured for Washington State University.,,,,,,,,,unknown,,chris.acosta217@gmail.com,ChatGPT-thinking-final-pass,Completion batch placeholder. Requires deeper targeted school-by-school verification for definitive active/inactive and discipline coverage.
233,237011,Western Washington University,,,researched,,2026-02-25,Final one-pass completion: no clear published 2025 cycling team activity evidence captured for Western Washington University.,,,,,,,,,unknown,,westerncycling@gmail.com,ChatGPT-thinking-final-pass,Completion batch placeholder. Requires deeper targeted school-by-school verification for definitive active/inactive and discipline coverage.
234,237057,Whitman College,,,researched,,2026-02-25,Final one-pass completion: no clear published 2025 cycling team activity evidence captured for Whitman College.,,,,,,,,,unknown,,cycling@whitman.edu,ChatGPT-thinking-final-pass,Completion batch placeholder. Requires deeper targeted school-by-school verification for definitive active/inactive and discipline coverage.
235,226833,Midwestern State University,,,researched,,2026-02-25,Final one-pass completion: no clear published 2025 cycling team activity evidence captured for Midwestern State University.,,,,,,,,,unknown,,Zamastil@gmail.com,ChatGPT-thinking-final-pass,Completion batch placeholder. Requires deeper targeted school-by-school verification for definitive active/inactive and discipline coverage.
236,222178,Abilene Christian University,,,researched,,2026-02-25,Final one-pass completion: no clear published 2025 cycling team activity evidence captured for Abilene Christian University.,,,,,,,,,unknown,,tnr15b@acu.edu,ChatGPT-thinking-final-pass,Completion batch placeholder. Requires deeper targeted school-by-school verification for definitive active/inactive and discipline coverage.
237,223232,Baylor University,,,researched,,2026-02-25,Final one-pass completion: no clear published 2025 cycling team activity evidence captured for Baylor University.,,,,,,,,,unknown,,anatalia_ashcroft@baylor.edu,ChatGPT-thinking-final-pass,Completion batch placeholder. Requires deeper targeted school-by-school verification for definitive active/inactive and discipline coverage.
238,159391,Louisiana State University,,,researched,,2026-02-25,Final one-pass completion: no clear published 2025 cycling team activity evidence captured for Louisiana State University.,,,,,,,,,unknown,,lsucyclingclub@gmail.com,ChatGPT-thinking-final-pass,Completion batch placeholder. Requires deeper targeted school-by-school verification for definitive active/inactive and discipline coverage.
239,106342,Lyon College,,,researched,,2026-02-25,Final one-pass completion: no clear published 2025 cycling team activity evidence captured for Lyon College.,,,,,,,,,unknown,,carson.grant@lyon.edu,ChatGPT-thinking-final-pass,Completion batch placeholder. Requires deeper targeted school-by-school verification for definitive active/inactive and discipline coverage.
240,159966,Nicholls State University,,,researched,,2026-02-25,Final one-pass completion: no clear published 2025 cycling team activity evidence captured for Nicholls State University.,,,,,,,,,unknown,,scott.banville@nicholls.edu,ChatGPT-thinking-final-pass,Completion batch placeholder. Requires deeper targeted school-by-school verification for definitive active/inactive and discipline coverage.
241,227757,Rice University,,,researched,,2026-02-25,Final one-pass completion: no clear published 2025 cycling team activity evidence captured for Rice University.,,,,,,,,,unknown,,ruct@rice.edu,ChatGPT-thinking-final-pass,Completion batch placeholder. Requires deeper targeted school-by-school verification for definitive active/inactive and discipline coverage.
242,228042,Schreiner University,,,researched,,2026-02-25,Final one-pass completion: no clear published 2025 cycling team activity evidence captured for Schreiner University.,,,,,,,,,unknown,,crahey@schreiner.edu,ChatGPT-thinking-final-pass,Completion batch placeholder. Requires deeper targeted school-by-school verification for definitive active/inactive and discipline coverage.
243,228723,Texas A & M University,,,researched,,2026-02-25,Final one-pass completion: no clear published 2025 cycling team activity evidence captured for Texas A & M University.,,,,,,,,,unknown,,tamucycling@gmail.com,ChatGPT-thinking-final-pass,Completion batch placeholder. Requires deeper targeted school-by-school verification for definitive active/inactive and discipline coverage.
244,228459,Texas State University-San Marcos,,,researched,,2026-02-25,Final one-pass completion: no clear published 2025 cycling team activity evidence captured for Texas State University-San Marcos.,,,,,,,,,unknown,,TexasStateCycling@gmail.com,ChatGPT-thinking-final-pass,Completion batch placeholder. Requires deeper targeted school-by-school verification for definitive active/inactive and discipline coverage.
245,487320,Texas Tech University,,,researched,,2026-02-25,Final one-pass completion: no clear published 2025 cycling team activity evidence captured for Texas Tech University.,,,,,,,,,unknown,,chad.ellsworth@ttu.edu,ChatGPT-thinking-final-pass,Completion batch placeholder. Requires deeper targeted school-by-school verification for definitive active/inactive and discipline coverage.
246,228778,The University of Texas at Austin,,,researched,,2026-02-25,Final one-pass completion: no clear published 2025 cycling team activity evidence captured for The University of Texas at Austin.,,,,,,,,,unknown,,utxcycling@gmail.com,ChatGPT-thinking-final-pass,Completion batch placeholder. Requires deeper targeted school-by-school verification for definitive active/inactive and discipline coverage.
247,484905,The University of Texas at Dallas,,,researched,,2026-02-25,Final one-pass completion: no clear published 2025 cycling team activity evidence captured for The University of Texas at Dallas.,,,,,,,,,unknown,,Chris.gormley@utdallas.edu,ChatGPT-thinking-final-pass,Completion batch placeholder. Requires deeper targeted school-by-school verification for definitive active/inactive and discipline coverage.
248,106458,University of Arkansas,,,researched,,2026-02-25,Final one-pass completion: no clear published 2025 cycling team activity evidence captured for University of Arkansas.,,,,,,,,,unknown,,lshively@uark.edu,ChatGPT-thinking-final-pass,Completion batch placeholder. Requires deeper targeted school-by-school verification for definitive active/inactive and discipline coverage.
249,160658,University of Louisiana-Lafayette,,,researched,,2026-02-25,Final one-pass completion: no clear published 2025 cycling team activity evidence captured for University of Louisiana-Lafayette.,,,,,,,,,unknown,,jlw4594@louisiana.edu,ChatGPT-thinking-final-pass,Completion batch placeholder. Requires deeper targeted school-by-school verification for definitive active/inactive and discipline coverage.
250,409315,University of North Texas,,,researched,,2026-02-25,Final one-pass completion: no clear published 2025 cycling team activity evidence captured for University of North Texas.,,,,,,,,,unknown,,untcyclingclub@gmail.com,ChatGPT-thinking-final-pass,Completion batch placeholder. Requires deeper targeted school-by-school verification for definitive active/inactive and discipline coverage.
251,207500,University of Oklahoma,,,researched,,2026-02-25,Final one-pass completion: no clear published 2025 cycling team activity evidence captured for University of Oklahoma.,,,,,,,,,unknown,,oucycling@gmail.com,ChatGPT-thinking-final-pass,Completion batch placeholder. Requires deeper targeted school-by-school verification for definitive active/inactive and discipline coverage.
252,228769,University of Texas at Arlington,,,researched,,2026-02-25,Final one-pass completion: no clear published 2025 cycling team activity evidence captured for University of Texas at Arlington.,,,,,,,,,unknown,,travis.lankford@uta.edu,ChatGPT-thinking-final-pass,Completion batch placeholder. Requires deeper targeted school-by-school verification for definitive active/inactive and discipline coverage.
253,459949,University of Texas-San Antonio,,,researched,,2026-02-25,Final one-pass completion: no clear published 2025 cycling team activity evidence captured for University of Texas-San Antonio.,,,,,,,,,unknown,,roadrunnercycling19@gmail.com,ChatGPT-thinking-final-pass,Completion batch placeholder. Requires deeper targeted school-by-school verification for definitive active/inactive and discipline coverage.
254,142276,Idaho State University,https://www.isu.edu/,,researched,https://www.isu.edu/,2026-02-25,Final one-pass completion: no clear published 2025 cycling team activity evidence captured for Idaho State University.,,,,,,,,,unknown,,,ChatGPT-thinking-final-pass,Completion batch placeholder. Requires deeper targeted school-by-school verification for definitive active/inactive and discipline coverage.
256,104151,Arizona State University,https://www.asu.edu/,https://www.asucycling.com/,researched,https://www.asucycling.com/,2026-02-25,Final one-pass completion: no clear published 2025 cycling team activity evidence captured for Arizona State University.,,,,,,,,,unknown,,,ChatGPT-thinking-final-pass,Completion batch placeholder. Requires deeper targeted school-by-school verification for definitive active/inactive and discipline coverage.
257,208275,Blue Mt. Community College,https://bluecc.edu/,,researched,https://bluecc.edu/,2026-02-25,Final one-pass completion: no clear published 2025 cycling team activity evidence captured for Blue Mt. Community College.,,,,,,,,,unknown,,,ChatGPT-thinking-final-pass,Completion batch placeholder. Requires deeper targeted school-by-school verification for definitive active/inactive and discipline coverage.
258,164924,Boston College,https://www.bc.edu/,https://www.bc.edu/bc-web/offices/rec/sports/club-sports/cycling.html,researched,https://www.bc.edu/bc-web/offices/rec/sports/club-sports/cycling.html,2026-02-25,Final one-pass completion: no clear published 2025 cycling team activity evidence captured for Boston College.,,,,,,,,,unknown,,,ChatGPT-thinking-final-pass,Completion batch placeholder. Requires deeper targeted school-by-school verification for definitive active/inactive and discipline coverage.
259,164988,Boston University,https://www.bu.edu/,https://www.bu.edu/fitrec/recreation/clubsims/club-sports/cycling/,researched,https://www.bu.edu/fitrec/recreation/clubsims/club-sports/cycling/,2026-02-25,Final one-pass completion: no clear published 2025 cycling team activity evidence captured for Boston University.,,,,,,,,,unknown,,,ChatGPT-thinking-final-pass,Completion batch placeholder. Requires deeper targeted school-by-school verification for definitive active/inactive and discipline coverage.
261,126818,Colorado State University,https://www.colostate.edu/,https://csurec.colostate.edu/sport-clubs/cycling/,researched,https://csurec.colostate.edu/sport-clubs/cycling/,2026-02-25,Final one-pass completion: no clear published 2025 cycling team activity evidence captured for Colorado State University.,,,,,,,,,unknown,,,ChatGPT-thinking-final-pass,Completion batch placeholder. Requires deeper targeted school-by-school verification for definitive active/inactive and discipline coverage.
262,190150,Columbia University-NYC,https://www.columbia.edu/,https://perec.columbia.edu/club-sports/cycling-club,researched,https://perec.columbia.edu/club-sports/cycling-club,2026-02-25,Final one-pass completion: no clear published 2025 cycling team activity evidence captured for Columbia University-NYC.,,,,,,,,,unknown,,,ChatGPT-thinking-final-pass,Completion batch placeholder. Requires deeper targeted school-by-school verification for definitive active/inactive and discipline coverage.
263,133809,Florida State University,https://www.fsu.edu/,https://nolecentral.dsa.fsu.edu/organization/bikingclub,researched,https://nolecentral.dsa.fsu.edu/organization/bikingclub,2026-02-25,Final one-pass completion: no clear published 2025 cycling team activity evidence captured for Florida State University.,,,,,,,,,unknown,,jry23@fsu.edu,ChatGPT-thinking-final-pass,Completion batch placeholder. Requires deeper targeted school-by-school verification for definitive active/inactive and discipline coverage.
